pref_name_for_society,HRAF_name_ID,glottocode,latitude,longitude,X,market,urban,popdens,fixity,tech,writing
!Kung,San (FX10),juho1239,-19.83,20.58,Present,Supra-Regional,< 100 persons,< 1 person / sq. mile,Nomadic,None,Mnemonic devices
Nama,Khoi (FX13),nama1265,-27.5,17,Absent,NA,100-199 persons,< 1 person / sq. mile,Nomadic,Metallurgy,None
Mbuti,Mbuti (FO04),bila1255,1.5,28.33,Absent,Regional,< 100 persons,< 1 person / sq. mile,Nomadic,None,None
Hadza,Hadza (FN11),hadz1240,-3.75,35.18,Absent,NA,< 100 persons,< 1 person / sq. mile,Nomadic,None,None
Lozi,Lozi (FQ09),lozi1239,-16,23.5,Present,Regional,400-999 persons,5.1-25 persons/ sq. mile,Semisedentary,Pottery or Loom,None
Tsonga,Tsonga (FT06),tson1249,-25.83,32.33,Absent,Supra-Regional,< 100 persons,100 persons / sq. mile,Sedentary; impermanent,Metallurgy,None
Mbundu,Ovimbundu (FP13),umbu1257,-12.25,16.5,Present,NA,100-199 persons,5.1-25 persons/ sq. mile,Sedentary,Metallurgy,None
Suku,Suku (FO46),suku1259,-6,18,Absent,Outside Local,< 100 persons,5.1-25 persons/ sq. mile,Sedentary; impermanent,Metallurgy,None
Bemba,Bemba (FQ05),town1238,-10.5,30.5,Present,NA,100-199 persons,1-5 persons / sq. mile,Sedentary; impermanent,Metallurgy,Mnemonic devices
Luguru,Luguru (FN32),lugu1238,-6.83,37.67,Absent,NA,200-399 persons,100 persons / sq. mile,Sedentary,Metallurgy,None
Kikuyu,Gikuyu (FL10),kiku1240,-0.67,37.17,Present,Supra-Regional,100-199 persons,100 persons / sq. mile,Sedentary,Metallurgy,None
Nyakyusa,Nyakyusa and Ngonde (FN17),nyak1261,-9.5,34,Absent,Regional,100-199 persons,26-100 persons  / sq. mile,Sedentary; impermanent,Metallurgy,None
Ganda,Ganda (FK07),gand1255,0.33,32.5,Present,Supra-Regional,100-199 persons,100 persons / sq. mile,Sedentary,Metallurgy,Mnemonic devices
Nkundo,Mongo (FO32),nkun1238,-0.75,19.17,Absent,NA,100-199 persons,1-5 persons / sq. mile,Sedentary,Metallurgy,None
Banen,Banen (FH26),tune1261,4.67,10.8,Absent,NA,200-399 persons,5.1-25 persons/ sq. mile,Sedentary,Metallurgy,None
Fon,Fon (FA18),fonn1241,7.2,1.91,Present,Supra-Regional,1000+ persons,26-100 persons  / sq. mile,Sedentary,Multiple specialists,Nonwritten records
Igbo,Igbo (FF26),nucl1417,5.5,7.33,Present,NA,1000+ persons,100 persons / sq. mile,Sedentary,Metallurgy,None
Ashanti,Akan (FE12),asan1239,7,-1.5,Present,Supra-Regional,200-399 persons,26-100 persons  / sq. mile,Sedentary,Metallurgy,None
Mende,Mende (FC07),mend1266,7.83,-12,Present,NA,100-199 persons,26-100 persons  / sq. mile,Sedentary,Multiple specialists,None
Bambara,Bambara (FA08),bamb1269,12.5,-7,Present,Outside Local,400-999 persons,5.1-25 persons/ sq. mile,Sedentary,Multiple specialists,Nonwritten records
Tallensi,Tallensi (FE11),taln1239,10.66,-0.57,Absent,Regional,400-999 persons,100 persons / sq. mile,Sedentary,Metallurgy,None
Tiv,Tiv (FF57),tivv1240,7.25,9,Present,Outside Local,400-999 persons,26-100 persons  / sq. mile,Sedentary,Metallurgy,None
Otoro,Nuba (FJ21),otor1240,11.33,30.67,Absent,NA,400-999 persons,5.1-25 persons/ sq. mile,Sedentary,Metallurgy,Mnemonic devices
Azande,Azande (FO07),zand1248,5.08,28.25,Present,Supra-Regional,100-199 persons,1-5 persons / sq. mile,Sedentary,Metallurgy,Mnemonic devices
Mao,Mao (MP19),hozo1236,9.27,34.67,Absent,NA,< 100 persons,5.1-25 persons/ sq. mile,Sedentary,Metallurgy,None
Shilluk,Shilluk (FJ23),shil1265,9.75,31.5,Present,Local,400-999 persons,26-100 persons  / sq. mile,Sedentary,Metallurgy,None
Masa,Masa (FI21),masa1322,10.5,15.5,Absent,NA,200-399 persons,26-100 persons  / sq. mile,Sedentary,Metallurgy,None
Maasi,Masai (FL12),masa1300,-3.5,36.75,Present,NA,200-399 persons,1-5 persons / sq. mile,Nomadic,Metallurgy,None
Konso,Konso (MP17),kons1243,5.25,37.5,Absent,NA,1000+ persons,100 persons / sq. mile,Sedentary,Multiple specialists,None
Somali,Somali (MO04),nort3051,9,47.25,Present,Regional,400-999 persons,5.1-25 persons/ sq. mile,Nomadic,Metallurgy,True writing
Kafa,Kaffa (MP14),kafa1242,7.27,36.5,Present,NA,< 100 persons,26-100 persons  / sq. mile,Sedentary,Multiple specialists,Mnemonic devices
Amhara,Amhara (MP05),amha1245,12.5,37.75,Present,Supra-Regional,200-399 persons,26-100 persons  / sq. mile,Sedentary,Multiple specialists,True writing
Fur,Fur (MQ08),furr1244,13.5,25.5,Absent,Regional,100-199 persons,5.1-25 persons/ sq. mile,Sedentary,Multiple specialists,True writing
Wolof,Wolof (MS30),nucl1347,13.75,-15.33,Absent,Supra-Regional,100-199 persons,100 persons / sq. mile,Sedentary,Multiple specialists,True writing
Wodaabe Fulani,Fulani (MS11),boro1274,15,7.5,Absent,Regional,100-199 persons,1-5 persons / sq. mile,Nomadic,None,None
Zazzagawa Hausa,Hausa (MS12),araw1280,10.5,7.5,Present,Regional,1000+ persons,26-100 persons  / sq. mile,Sedentary,Metallurgy,True writing
Songhai,Songhai (MS20),koyr1242,16.58,-1.67,Present,NA,400-999 persons,5.1-25 persons/ sq. mile,Sedentary,Metallurgy,True writing
Teda,Teda (MS22),teda1241,20.5,17.5,Absent,NA,< 100 persons,< 1 person / sq. mile,Nomadic,Metallurgy,Mnemonic devices
Tuareg Ahaggar,Tuareg (MS25),hogg1238,23,6.5,Absent,Regional,< 100 persons,< 1 person / sq. mile,Nomadic,Metallurgy,True writing
Barabra,Nubians (MR08),kenu1236,23,39.11,Present,NA,< 100 persons,26-100 persons  / sq. mile,Sedentary,Pottery or Loom,True writing
Egyptians,Fellahin (MR13),egyp1253,24.75,33,Present,Supra-Regional,1000+ persons,100 persons / sq. mile,Sedentary,Multiple specialists,True writing
Riffians,Berbers of Morocco (MX03),tari1263,34.92,-3.25,Present,Regional,400-999 persons,100 persons / sq. mile,Sedentary,Multiple specialists,True writing
Gheg,Albanians (EG01),gheg1238,42,20.17,Present,NA,100-199 persons,26-100 persons  / sq. mile,Semisedentary,Metallurgy,True writing
Ancient Romans,Imperial Romans (EI09),lati1261,41.67,13.5,Present,NA,1000+ persons,100 persons / sq. mile,Sedentary,Multiple specialists,True writing
Spanish Basques,Basques (EX08),west1508,43.25,-1.67,Present,Supra-Regional,1000+ persons,5.1-25 persons/ sq. mile,Sedentary,Multiple specialists,True writing
Irish,Rural Irish (ER06),iris1253,53.5,-10,Present,Supra-Regional,400-999 persons,26-100 persons  / sq. mile,Sedentary,Multiple specialists,True writing
Sami,Saami (EP04),nort2671,68.7,21.5,Present,NA,< 100 persons,1-5 persons / sq. mile,Nomadic,Pottery or Loom,Mnemonic devices
Russians,Russians (RF10),russ1263,52.67,41.33,Present,Supra-Regional,1000+ persons,5.1-25 persons/ sq. mile,Sedentary,Multiple specialists,True writing
Armenians,Armenians (RJ01),nucl1235,40,44.5,Present,NA,400-999 persons,26-100 persons  / sq. mile,Sedentary,Multiple specialists,True writing
Kurd,Kurd (MA11),cent1972,36.5,44.5,Present,Outside Local,1000+ persons,100 persons / sq. mile,Sedentary,Multiple specialists,True writing
Abkhaz,Abkhazians (RI03),abkh1244,43.13,40.77,Present,NA,200-399 persons,26-100 persons  / sq. mile,Sedentary,Metallurgy,True writing
Turks,Turks (MB01),nucl1301,39.33,34.25,Present,Supra-Regional,400-999 persons,26-100 persons  / sq. mile,Sedentary,Multiple specialists,True writing
Rwala,Rwala Bedouin (MD04),east2690,33.25,38.5,Present,Supra-Regional,< 100 persons,< 1 person / sq. mile,Nomadic,Metallurgy,True writing
Hebrews,Israelites (MF07),anci1244,31.18,34.92,Present,NA,1000+ persons,100 persons / sq. mile,Sedentary,Multiple specialists,True writing
Babylonians,Babylonians (MH07),akka1240,32.58,44.75,Present,NA,1000+ persons,100 persons / sq. mile,Sedentary,Multiple specialists,True writing
Punjabi,West Punjabi (AT03),west2386,32.5,74,Absent,Regional,200-399 persons,100 persons / sq. mile,Sedentary,Multiple specialists,True writing
Basseri,Basseri (MA10),bass1257,29,53,Absent,Supra-Regional,100-199 persons,1-5 persons / sq. mile,Nomadic,Metallurgy,True writing
Kazakh,Kazakh (RQ02),kaza1248,42.5,75.5,Absent,NA,400-999 persons,1-5 persons / sq. mile,Seminomadic,Metallurgy,True writing
Khalka,Mongolia (AH01),halh1238,47.17,96.08,Present,Supra-Regional,< 100 persons,1-5 persons / sq. mile,Seminomadic,Metallurgy,True writing
Nivkh,Nivkh (RX02),gily1242,53,142,Present,Supra-Regional,< 100 persons,< 1 person / sq. mile,Seminomadic,Metallurgy,None
Chukchi,Chukchee (RY02),chuk1273,66.5,179.6,Present,Supra-Regional,< 100 persons,< 1 person / sq. mile,Seminomadic,Metallurgy,None
Yurak-Samoyeds,Samoyed and/or Nenets (RU04/RU41),nene1249,68,51.5,Present,NA,< 100 persons,< 1 person / sq. mile,Nomadic,None,Mnemonic devices
Yukaghir,Yukaghir (RV03),nort2745,64.75,153.5,Present,NA,< 100 persons,< 1 person / sq. mile,Nomadic,Metallurgy,Mnemonic devices
Ainu,Ainu (AB06),ainu1240,42.83,143,Present,Supra-Regional,< 100 persons,< 1 person / sq. mile,Semisedentary,Pottery or Loom,Mnemonic devices
Koreans,Korea (AA01),kore1280,37.6,126.42,Present,Supra-Regional,400-999 persons,100 persons / sq. mile,Sedentary,Multiple specialists,True writing
Chekiang,Han Chinese (AE15),wuch1236,31,120.08,Present,Supra-Regional,1000+ persons,100 persons / sq. mile,Sedentary,Multiple specialists,True writing
Lolo,Yi (AE04),sich1238,27.5,103.5,Present,NA,100-199 persons,1-5 persons / sq. mile,Sedentary,Metallurgy,True writing
Manchu,Manchu (AG04),manc1252,50,125.5,Present,NA,100-199 persons,100 persons / sq. mile,Sedentary,Metallurgy,True writing
Japanese,Okayama (AB43),nucl1643,34.67,133.67,Present,Supra-Regional,1000+ persons,100 persons / sq. mile,Sedentary,Multiple specialists,True writing
Burusho,Burusho (AV07),buru1296,36.43,74.58,Present,NA,100-199 persons,1-5 persons / sq. mile,Sedentary,Metallurgy,True writing
Lepcha,Lepcha (AK05),lepc1244,27.5,89,Present,Supra-Regional,100-199 persons,26-100 persons  / sq. mile,Sedentary,Pottery or Loom,True writing
Santal,Santal (AW42),sant1410,23.5,87.17,Absent,Regional,100-199 persons,100 persons / sq. mile,Sedentary,Pottery or Loom,Mnemonic devices
Uttar Pradesh,Uttar Pradesh (AW19),bhoj1244,25.92,83,Present,NA,1000+ persons,100 persons / sq. mile,Sedentary,Multiple specialists,True writing
Madia,Gond (AW32),mari1414,19.63,80.92,Present,NA,< 100 persons,5.1-25 persons/ sq. mile,Sedentary; impermanent,Metallurgy,None
Toda,Toda (AW60),toda1252,11.5,76.5,Absent,Regional,< 100 persons,26-100 persons  / sq. mile,Semisedentary,None,None
Andamanese,Andamans (AZ02),akab1249,12,93,Absent,Local,< 100 persons,1-5 persons / sq. mile,Seminomadic,Pottery or Loom,None
Tanala,Tanala (FY08),tana1285,-22,48,Present,Supra-Regional,200-399 persons,1-5 persons / sq. mile,Semisedentary,Metallurgy,None
Vedda,Vedda (AX05),vedd1240,7.75,81.25,Absent,Regional,< 100 persons,< 1 person / sq. mile,Seminomadic,Pottery or Loom,Mnemonic devices
Nicobarese,Nicobarese (AZ07),carn1240,7,93.75,Absent,Supra-Regional,200-399 persons,26-100 persons  / sq. mile,Sedentary,Metallurgy,Mnemonic devices
Garo,Garo (AR05),garo1247,26,91,Present,Supra-Regional,200-399 persons,26-100 persons  / sq. mile,Sedentary,Metallurgy,None
Burmese,Burmans (AP04),nucl1310,22,95.67,Present,Regional,400-999 persons,100 persons / sq. mile,Sedentary,Multiple specialists,True writing
Maras,Mara (AR20),mara1382,22.33,93,Absent,Local,200-399 persons,5.1-25 persons/ sq. mile,Sedentary,Metallurgy,Mnemonic devices
Lamet,Rmeet (AM28),lame1256,20,100.67,Absent,Supra-Regional,100-199 persons,< 1 person / sq. mile,Semisedentary,None,None
Rade,Rhade (AM35),rade1240,13,108,Absent,NA,400-999 persons,100 persons / sq. mile,Sedentary; impermanent,Pottery or Loom,None
Ancient Khmer,Cambodians (AM04),oldk1249,13,103.83,Present,Outside Local,1000+ persons,26-100 persons  / sq. mile,Sedentary,Multiple specialists,Nonwritten records
Negri Sembilan,Malays (AN05),nege1240,2.58,102.25,Present,NA,1000+ persons,100 persons / sq. mile,Sedentary,Metallurgy,True writing
Semang,Semang (AN07),kens1248,5,101.25,Absent,Local,< 100 persons,< 1 person / sq. mile,Nomadic,None,None
Annamese,Vietnam (AM11),viet1252,20.5,106.25,Present,NA,400-999 persons,100 persons / sq. mile,Sedentary,Multiple specialists,True writing
Thai,Central Thai (AO07),thai1261,14,100.85,Present,NA,1000+ persons,100 persons / sq. mile,Sedentary,Multiple specialists,True writing
Atayal,Atayal (AD08),atay1247,24.33,120.75,Absent,NA,100-199 persons,5.1-25 persons/ sq. mile,Sedentary; impermanent,Metallurgy,None
Badjau Tawi-Tawi,Sama-Bajau (OA08),sout2918,5,120,Absent,Supra-Regional,200-399 persons,< 1 person / sq. mile,Nomadic,None,None
Ifugao,Ifugao (OA19),tuwa1243,16.83,121.17,Present,NA,400-999 persons,100 persons / sq. mile,Sedentary,Metallurgy,None
Iban,Iban (OC06),iban1264,2,113,Present,Supra-Regional,< 100 persons,5.1-25 persons/ sq. mile,Sedentary; impermanent,Metallurgy,None
Javanese,Javanese (OE05),java1254,-7.7,112.22,Present,NA,400-999 persons,100 persons / sq. mile,Sedentary,Multiple specialists,True writing
Balinese,Bali (OF07),bali1278,-8.5,115.33,Present,NA,400-999 persons,100 persons / sq. mile,Sedentary,Multiple specialists,True writing
Tobelorese,Tobelo (OH18),tobe1252,2,127.94,Absent,NA,200-399 persons,5.1-25 persons/ sq. mile,Sedentary,Metallurgy,Mnemonic devices
Alorese,Alorese (OF05),abui1241,-8.33,124.67,Absent,NA,100-199 persons,100 persons / sq. mile,Sedentary,None,Mnemonic devices
Toradja,Eastern Toraja (OG11),pamo1252,-2,121,Present,NA,100-199 persons,5.1-25 persons/ sq. mile,Sedentary,Metallurgy,Mnemonic devices
Northern Aranda,Aranda (OI08),east2379,-24.25,133.5,Present,Supra-Regional,< 100 persons,< 1 person / sq. mile,Nomadic,None,Nonwritten records
Tiwi,Tiwi (OI20),tiwi1244,-11.38,131,Present,Supra-Regional,100-199 persons,< 1 person / sq. mile,Nomadic,None,Mnemonic devices
Mee,Kapauku (OJ29),ekar1243,-4,136,Absent,Supra-Regional,100-199 persons,100 persons / sq. mile,Sedentary,None,Mnemonic devices
Kwoma,Kwoma (OJ13),kwom1262,-4.17,142.67,Absent,Regional,200-399 persons,26-100 persons  / sq. mile,Sedentary,Pottery or Loom,Mnemonic devices
Kimam,Kimam (OJ82),kima1246,-7.5,138.5,Absent,NA,400-999 persons,< 1 person / sq. mile,Sedentary,None,None
Orokaiva,Orokaiva (OJ23),orok1269,-8.5,148,Present,Local,< 100 persons,1-5 persons / sq. mile,Sedentary,Pottery or Loom,None
Palauans,Belau (OR15),pala1344,7.5,134.5,Present,Supra-Regional,< 100 persons,26-100 persons  / sq. mile,Sedentary,Pottery or Loom,None
Makin,Kiribati (OR06),bana1287,3.38,172.99,Present,NA,200-399 persons,100 persons / sq. mile,Sedentary,None,None
Marshallese - Jaluit Atoll,Marshallese (OR11),rali1241,6.28,169.49,Present,Supra-Regional,100-199 persons,100 persons / sq. mile,Sedentary,None,Nonwritten records
Trukese,Chuuk (OR19),chuu1238,7.34,151.6,Present,Supra-Regional,200-399 persons,100 persons / sq. mile,Sedentary,Pottery or Loom,None
Yapese,Yapese (OR22),yape1248,9.52,138.16,Present,NA,100-199 persons,26-100 persons  / sq. mile,Sedentary,Pottery or Loom,Mnemonic devices
Siuai,Siwai (ON19),siwa1245,-6.76,155.45,Present,NA,< 100 persons,26-100 persons  / sq. mile,Sedentary,Pottery or Loom,Mnemonic devices
Trobriands,Trobriands (OL06),kili1267,-8.54,151.01,Present,Regional,100-199 persons,26-100 persons  / sq. mile,Sedentary,Pottery or Loom,None
Lesu,Lesu (OM24),nots1237,-2.71,151,Absent,NA,200-399 persons,5.1-25 persons/ sq. mile,Sedentary,None,Mnemonic devices
Manus,Manus (OM06),tita1241,-2.17,147.17,Absent,NA,200-399 persons,26-100 persons  / sq. mile,Sedentary,Pottery or Loom,Mnemonic devices
Mbau Fijians,Bau Fijians (OQ12),bauu1243,-18,178.58,Present,NA,1000+ persons,100 persons / sq. mile,Sedentary,Pottery or Loom,None
Bunlap,Sa (OO17),saaa1241,-15.95,168.22,Present,NA,< 100 persons,5.1-25 persons/ sq. mile,Sedentary,None,None
Ajie,Kanak (OP04),ajie1238,-21.33,165.67,Absent,Regional,< 100 persons,1-5 persons / sq. mile,Sedentary,Pottery or Loom,Mnemonic devices
Upolu Samoans,Samoans (OU08),samo1305,-13.94,-171.77,Present,NA,200-399 persons,100 persons / sq. mile,Sedentary,None,None
Tikopia,Tikopia (OT11),tiko1237,-12.29,168.83,Absent,Supra-Regional,400-999 persons,100 persons / sq. mile,Sedentary,None,None
Maori,Maori (OZ04),maor1246,-35.33,174.17,Present,Regional,100-199 persons,< 1 person / sq. mile,Sedentary,None,Nonwritten records
Marquesans,Marquesas (OX06),nort2845,-8.92,-140.17,Absent,NA,100-199 persons,26-100 persons  / sq. mile,Sedentary,None,Nonwritten records
DeneTha,Slavey (ND14),sout2959,62,-122,Present,NA,< 100 persons,< 1 person / sq. mile,Semisedentary,None,None
Copper Inuit,Copper Inuit (ND08),copp1244,68.72,-112.53,Present,NA,< 100 persons,< 1 person / sq. mile,Seminomadic,Metallurgy,None
Montagnais,Innu (NH06),mont1268,50,-74,Absent,Supra-Regional,100-199 persons,< 1 person / sq. mile,Seminomadic,None,Nonwritten records
Northern Saulteaux,Ojibwa (NG06),alba1270,52,-95.5,Present,NA,100-199 persons,< 1 person / sq. mile,Seminomadic,None,Nonwritten records
Kaska,Kaska (ND12),kask1239,60,-131,Absent,Supra-Regional,< 100 persons,< 1 person / sq. mile,Seminomadic,None,None
Mi'kmaq,Mi'kmaq (NJ05),mikm1235,46.99,-65,Absent,NA,< 100 persons,< 1 person / sq. mile,Seminomadic,None,Nonwritten records
Deg Xit'an,Ingalik (NA08),dege1248,62.5,-159.5,Absent,Regional,< 100 persons,< 1 person / sq. mile,Semisedentary,Pottery or Loom,Mnemonic devices
Aleut,Aleut (NA06),east2533,55,-162.85,Absent,Regional,200-399 persons,5.1-25 persons/ sq. mile,Semisedentary,None,None
Haida,Haida (NE09),nort2938,54,-132.5,Present,NA,100-199 persons,< 1 person / sq. mile,Semisedentary,Metallurgy,Nonwritten records
Twana,Southern Coast Salish (NR26),twan1247,47.43,-123.25,Present,Supra-Regional,< 100 persons,26-100 persons  / sq. mile,Seminomadic,Pottery or Loom,Mnemonic devices
Yurok,Yurok (NS31),yuro1248,41.5,-124,Present,Regional,< 100 persons,1-5 persons / sq. mile,Sedentary,None,Nonwritten records
Eyak,Eyak (NA07),eyak1241,60.5,-145,Absent,Supra-Regional,< 100 persons,< 1 person / sq. mile,Semisedentary,Pottery or Loom,None
Nuxalk,Nuxalk (NE06),bell1243,52.33,-126.5,Present,Regional,< 100 persons,1-5 persons / sq. mile,Sedentary,None,Mnemonic devices
Eastern Pomo,Pomo (NS18),east2545,39,-123,Present,Supra-Regional,200-399 persons,1-5 persons / sq. mile,Semisedentary,None,Nonwritten records
Southern Valley Yokuts,Yokuts (NS29),vall1251,35,-119.5,Present,Supra-Regional,200-399 persons,5.1-25 persons/ sq. mile,Semisedentary,None,None
Klamath,Klamath (NR10),klam1254,42.63,-121.67,Absent,NA,< 100 persons,< 1 person / sq. mile,Seminomadic,None,Mnemonic devices
Wadadokado,Northern Paiute (NR13),nort1551,43.5,-119,Absent,NA,100-199 persons,< 1 person / sq. mile,Seminomadic,None,Mnemonic devices
Havasupai,Havasupai (NT14),hava1249,35.83,-112.17,Absent,Regional,100-199 persons,< 1 person / sq. mile,Seminomadic,Pottery or Loom,Mnemonic devices
Kutenai,Kutenai (NF08),kute1249,49,-116.67,Absent,Local,100-199 persons,< 1 person / sq. mile,Seminomadic,Pottery or Loom,Mnemonic devices
Gros Ventre,Gros Ventre (NQ13),gros1243,48,-108,Present,NA,100-199 persons,< 1 person / sq. mile,Nomadic,Pottery or Loom,Mnemonic devices
Hidatsa,Hidatsa (NQ14),hida1246,47,-101,Present,Supra-Regional,400-999 persons,< 1 person / sq. mile,Semisedentary,Pottery or Loom,Mnemonic devices
Comanche,Comanche (NO06),coma1245,34,-101.5,Absent,Supra-Regional,200-399 persons,< 1 person / sq. mile,Nomadic,None,Nonwritten records
Omaha,Omaha (NQ21),omah1248,41.43,-96.5,Present,NA,1000+ persons,1-5 persons / sq. mile,Semisedentary,Pottery or Loom,Mnemonic devices
Pawnee,Pawnee (NQ18),pawn1254,42,-100,Present,NA,200-399 persons,< 1 person / sq. mile,Semisedentary,Pottery or Loom,Mnemonic devices
Huron,Huron/Wendat (NG05),wyan1247,44.5,-79,Present,Supra-Regional,1000+ persons,26-100 persons  / sq. mile,Semisedentary,Pottery or Loom,Mnemonic devices
Muscogee,Creek (NN11),cree1270,32.93,-86,Present,Supra-Regional,200-399 persons,1-5 persons / sq. mile,Semisedentary,Pottery or Loom,Nonwritten records
Natchez,Natchez (NO08),natc1249,31.5,-91.42,Present,NA,400-999 persons,5.1-25 persons/ sq. mile,Sedentary,Pottery or Loom,Nonwritten records
Chiricahua,Eastern Apache (NT08),mesc1238,32,-109.5,Absent,NA,< 100 persons,< 1 person / sq. mile,Nomadic,Pottery or Loom,Mnemonic devices
Zuni,Zuni (NT23),zuni1245,35.67,-108.75,Present,Supra-Regional,1000+ persons,1-5 persons / sq. mile,Sedentary,Multiple specialists,Nonwritten records
Tohono O'odham,O'Odham (NU79),toho1246,32,-112,Absent,NA,200-399 persons,26-100 persons  / sq. mile,Semisedentary,Pottery or Loom,Mnemonic devices
Huichol,Huichol (NU19),huic1243,22,-105,Present,NA,200-399 persons,1-5 persons / sq. mile,Sedentary,Pottery or Loom,Mnemonic devices
Aztec,Aztec (NU07),clas1250,19,-99.17,Present,Supra-Regional,1000+ persons,100 persons / sq. mile,Sedentary,Multiple specialists,True writing
Sierra Popoluca,Popoluca (NU30),high1276,18.25,-94.83,Present,NA,400-999 persons,26-100 persons  / sq. mile,Sedentary,Pottery or Loom,None
Guna,Kuna (SB05),bord1248,9.25,-78.5,Present,NA,400-999 persons,26-100 persons  / sq. mile,Sedentary,Metallurgy,Nonwritten records
K'iche',Quiche Maya (NW10),kich1262,15,-91,Present,NA,1000+ persons,26-100 persons  / sq. mile,Sedentary,Pottery or Loom,True writing
Bribri,Talamancans (SA19),brib1243,9,-83.25,Absent,NA,< 100 persons,5.1-25 persons/ sq. mile,Sedentary,Pottery or Loom,Mnemonic devices
Miskito,Miskito (SA15),misk1235,15.16,-84.29,Present,Supra-Regional,200-399 persons,5.1-25 persons/ sq. mile,Sedentary,Pottery or Loom,None
Callinago,Island Carib (ST13),isla1278,15.41,-61.27,Present,NA,200-399 persons,5.1-25 persons/ sq. mile,Sedentary; impermanent,Pottery or Loom,Mnemonic devices
Wayuu,Goajiro (SC13),wayu1243,11.92,-71.75,Absent,Supra-Regional,< 100 persons,< 1 person / sq. mile,Nomadic,Pottery or Loom,Mnemonic devices
Haitians,Haitians (SV03),hait1244,18.83,-72.17,Present,Supra-Regional,1000+ persons,100 persons / sq. mile,Sedentary,Metallurgy,True writing
Warao,Warao (SS18),wara1303,9.08,-62,Present,NA,< 100 persons,< 1 person / sq. mile,Seminomadic,Pottery or Loom,Mnemonic devices
Barama River Carib,Barama River Carib (SR09),mura1272,7.42,-60.17,Absent,NA,< 100 persons,< 1 person / sq. mile,Sedentary; impermanent,Pottery or Loom,Mnemonic devices
Saramaccan,Saramaka (SR15),sara1340,3.5,-55.75,Absent,Supra-Regional,100-199 persons,5.1-25 persons/ sq. mile,Sedentary,Pottery or Loom,Nonwritten records
Munduruku,Mundurucu (SQ13),mund1330,-6.5,-56.5,Absent,Local,100-199 persons,< 1 person / sq. mile,Sedentary,Pottery or Loom,None
Yanomami,Yanoama (SQ18),yano1261,2.42,-65,Absent,Supra-Regional,100-199 persons,< 1 person / sq. mile,Sedentary; impermanent,None,None
Sirionó,Siriono (SF21),siri1273,-14.5,-63.5,Absent,Local,< 100 persons,< 1 person / sq. mile,Seminomadic,Pottery or Loom,None
Shuar,Jivaro (SD09),shua1257,-3,-78,Present,Supra-Regional,< 100 persons,< 1 person / sq. mile,Sedentary; impermanent,Pottery or Loom,None
Cubeo,Tukano (SQ19),cube1242,1.25,-70.5,Present,Supra-Regional,< 100 persons,< 1 person / sq. mile,Sedentary,Pottery or Loom,None
Amahuaca,Amahuaca (SE06),amah1246,-10.33,-72.25,Present,NA,< 100 persons,< 1 person / sq. mile,Sedentary; impermanent,Pottery or Loom,None
Inca,Inka (SE13),cusc1236,-13.5,-72,Present,NA,100-199 persons,5.1-25 persons/ sq. mile,Sedentary,Multiple specialists,Nonwritten records
Aymara,Aymara (SF05),cent2142,-16,-65.75,Present,Supra-Regional,400-999 persons,100 persons / sq. mile,Sedentary,Metallurgy,Nonwritten records
Chachi,Chachi (SD06),chac1249,1,-79,Present,NA,400-999 persons,1-5 persons / sq. mile,Sedentary,Pottery or Loom,None
Yahgan,Yahgan (SH06),yama1264,-55.5,-69.5,Absent,Regional,< 100 persons,< 1 person / sq. mile,Nomadic,None,None
Mapuche,Mapuche (SG04),mapu1245,-38.5,-72.58,Present,NA,< 100 persons,26-100 persons  / sq. mile,Sedentary,Metallurgy,Mnemonic devices
Tehuelche,Tehuelche (SH05),tehu1242,-40.5,-68,Present,NA,100-199 persons,< 1 person / sq. mile,Nomadic,Metallurgy,None
Lengua,Enxet and Enlhet (SK15),nort2971,-23,-58.5,Present,NA,100-199 persons,< 1 person / sq. mile,Nomadic,Pottery or Loom,Mnemonic devices
Trumai,Trumai (SP23),trum1247,-11.83,-53.67,Absent,Supra-Regional,< 100 persons,< 1 person / sq. mile,Sedentary,Pottery or Loom,None
Nambikwara,Nambicuara (SP17),sout2994,-13,-58.75,Absent,NA,< 100 persons,< 1 person / sq. mile,Seminomadic,Pottery or Loom,None
Cayua,Guaraní (SM04),mbya1239,-23.5,-55,Present,NA,< 100 persons,< 1 person / sq. mile,Seminomadic,Pottery or Loom,None
Shavante,Xavante (SP26),xava1240,-13.5,-51.5,Absent,Local,200-399 persons,< 1 person / sq. mile,Seminomadic,None,None
Aweikoma,Xokleng (SM03),xokl1240,-28,-50,Present,Local,< 100 persons,< 1 person / sq. mile,Nomadic,Pottery or Loom,None
Canela,Canela (SO08),cane1242,-6.5,-46,Absent,Regional,200-399 persons,1-5 persons / sq. mile,Sedentary; impermanent,Pottery or Loom,Mnemonic devices
Aimoré,Botocudo (SN02),kren1239,-19,-42.5,Present,NA,< 100 persons,< 1 person / sq. mile,Nomadic,None,None
Tupinambá,Tupinamba (SO09),tupi1273,-22.79,-44.5,Absent,NA,400-999 persons,< 1 person / sq. mile,Sedentary; impermanent,Pottery or Loom,None