Area,Society,OWC_Code,Subsistence,Year of observation,Location,Location(type),Age of learner,Age group of learner,Number of learner,Age of model,Age group of model,Number of model,Transmission modes,Social relationship,Transmission bias,Learning process,Time spent,Perceived difficulty,Technology,Raw material,Access to raw material,Access to technology,Note,Reference
Central Africa,Barundi,FO58,Horticulturalist,1911,NA,NA,NA,NA,1,NA,Adult,1,Vertical,Father-son,Kin-based,NA,NA,NA,blacksmith,Metal,NA,restricted to the oldest son,mother can also pass her expertise to her oldest daughter,"Meyer and Handzik, 1916: 139"
Central Africa,Mongo,FO32,Horticulturalist,Ca. 1930,NA,NA,NA,NA,NA,NA,Adult,NA,Vertical,parents,Kin-based,"""teach""",NA,NA,"forging, wood sculpture, the weaving of mats and baskets, pottery making",NA,NA,NA,Girls tend to be observed more frequently because they spent most of their time in the village,"Hulstaert and Vizedom, 1938: 476"
Eastern Africa,Chagga,FN04,Intensive agriculturalist,Ca. 1918,NA,NA,NA,NA,NA,NA,Adult,1,Vertical/Oblique,blood kin or blood kin to become,Kin-based,Apprenticeship,2-3 years at least,NA,blacksmith,Metal,NA,NA,The apprentice is not allowed to teach others without the consent of the master,"Dundas Sir, 1924: 273-274"
Southern Africa,Ovambo,FX08,Agro-pastoralists,"1958-1962, 1971-1975",NA,NA,boy,NA,NA,NA,Adult,1,Oblique,Mother or father's brother,Kin-based,Apprenticeship,NA,NA,blacksmith,Metal,NA,boys?,The blacksmith has low social status. There is an initation ceremony to become independent,"Hiltunen, 1993: 70-71"
Southern Africa,Tanala,FY08,Intensive agriculturalist,1926-1927,NA,NA,"""at a very early age""",NA,NA,NA,NA,NA,NA,NA,NA,NA,NA,NA,traps for small birds and mammals,NA,NA,Boys?,Tanala toys seem to be characterized by an almost complete absence of replicas of things used by adults,"Linton, 1933: 256-258"
Southern Africa,Tonga,FQ12,Horticulturalist,"1946-1947, 1948, 1950",NA,NA,"""throughout childhood""",NA,NA,NA,NA,NA,NA,NA,NA,NA,NA,NA,various tools or utensils,NA,NA,NA,Boys have a less uniform training and their competence,"Colson, 1958: 262-263"
Southern Africa,Ovimbundu,FP13,Horticulturalist,1929-1930,NA,NA,"""at an early age""",NA,NA,NA,NA,NA,NA,NA,NA,play,NA,NA,wooden-tiped arrow,wood,NA,Boys only?,gendered skills,"Hambly, 1934: 167"
Southern Africa,Ovimbundu,FP13,Horticulturalist,1929-1930,NA,NA,"""at an early age""",NA,NA,NA,NA,NA,NA,NA,NA,play,NA,NA,pottery and bastetery coiling,NA,NA,Girls only?,gendered skills,"Hambly, 1934: 167"
Western Africa,Akan,FE12,Horticulturalist,1921-192?,NA,NA,NA,NA,NA,NA,Adult,1,Vertical,Father-son/sister's son-uncle,Kin-based,NA,NA,NA,stool carving,Wood,NA,restricted to men,"stools are believed to have their own name, gender, and social status","Rattray, 1927: 271-272"
Western Africa,Akan,FE12,Horticulturalist,1921-192?,NA,NA,quite small children,NA,NA,NA,Adult,1,Vertical,mother-daughter,Kin-based,NA,NA,NA,pottery making,clay,NA,mainly women,anthropomorphic or zoomorphic forms are forbidden for women to make,"Rattray, 1927: 301-302"
Western Africa,Dogon,FA16,Intensive agriculturalist,1935,NA,NA,NA,NA,1,NA,Adult,1,Vertical,mother-daughter,Kin-based,help with preparation,NA,NA,pottery making/ shoe making ,clay,NA,NA,shoemaking is more specialized than pottery making,"Paulme and Schütze, 1940: 447"
Western Africa,Dogon,FA16,Intensive agriculturalist,1935,NA,NA,NA,NA,1,NA,Adult,1,Vertical,father-son,Kin-based,help with preparation,NA,NA,blacksmith,metal,NA,NA,politeness is regarded more challenging compared with basket plaiting,"Paulme and Schütze, 1940: 447"
Western Africa,Fon,FA18,Horticulturalist,1931,workshop,indoor,3 or 4,infancy,1,8 or 9,middle childhood,2,Horizontal,NA,NA,help with preparation,NA,NA,blacksmith,metal,NA,NA,child begins to participate in Dahomean life at a very early age,"Herskovits, 1967: 273-274"
Western Africa,Igbo,FF26,Horticulturalist,1951-1960,NA,NA,Enna (small boy before initiation),NA,NA,NA,NA,1,Horizontal,Older-younger brothers,Kin-based,NA,NA,NA,mask carving and coloring,Wood or calabash,NA,secret sociey composed of small boys,criticisms and rewards of age-mates are important motivations,"Ottenberg, 1975: 69"
Western Africa,Kpelle,FD06,Horticulturalist,1968-1969,workshop,indoor,14,adolescence,1,NA,Adult,1,Oblique,Uncle-nephew,Kin-based,Apprenticeship,3 years,Difficult,blacksmith,Metal,NA,NA,"Appreticeship is not done with their parents and involves phsyical abuse. Before formal apprenticeship, there is a period of helping and watching.","Lancy, 1984: 157-158"
Western Africa,Kpelle,FD06,Horticulturalist,1968-1969,NA,NA,mid-teen,adolescence,1,NA,Adult,1,Oblique,unrelated individuals,Success-based,apprenticeship,3 years,NA,leather work,leather,NA,NA,The learner was exposed to this skill when he was much younger from his uncle,"Lancy, 1984: 159"
Western Africa,Kpelle,FD06,Horticulturalist,"1967-1969, 1973",NA,NA,8,middle childhood,6,NA,NA,0,Horizontal,Peer friends,Familiarity-based,make-believe play,NA,Difficult,blacksmith,Metal,Easy,NA,"The make-believe play acitivty mimicing the blacksmith business help them get used to the social aspects of this technology, e.g., how to maintain a relationship with customer, but not its technical or ideological aspects. Children use models instead of real tools and artifacts.","Lancy, 1996: 89-90"
Western Africa,Kpelle,FD06,Horticulturalist,"1967-1969, 1973",NA,NA,16,adolescence,1,NA,NA,1,Horizontal,Peer friends,Familiarity-based,teaching by demonstration,a week,NA,hammock weaving,Fiber,NA,NA,"there need not be an expert present to see the influence exerted by society on the learner. In each of the previous cases, we see individuals acquiring weaving skills to enhance their own social participatio","Lancy, 1996: 154-155"
Western Africa,Kpelle,FD06,Horticulturalist,"1967-1969, 1973",NA,NA,21,adult,1,NA,Adult,1,Vertical,Father-son,Kin-based,teaching by demonstration,two weeks,NA,hammock weaving,Fiber,NA,NA,The learner's age can be as small as 12,"Lancy, 1996: 154-155"
Western Africa,Kpelle,FD06,Horticulturalist,1914-1915 (4 Months),bush,outdoor field,15-Jul,NA,>1,NA,Adult,NA,Oblique,Teacher-student,Prestige-based,teaching,4 years,NA,"plaiting mats, weaving, basketry; making sieves, traps, fish nets, weirs; roofing, blacksmithing, hunting; carving dugouts, mortars and drums; making game boards.",NA,NA,NA,Formal poro bush school. The learning process is strictly kept as a secret.,"Westerman, & Schütze, 1921: 292B"
Western Africa,Kpelle,FD06,Horticulturalist,1968-1969,NA,NA,NA,NA,NA,NA,Adult,1,Vertical,mother-daughter,Kin-based,NA,NA,NA,net weaving,NA,NA,NA,Toolmakng skills are gendered,"Lancy, 1984: 141"
Western Africa,Kpelle,FD06,Horticulturalist,1968-1969,NA,NA,<7,infancy/early childhood,1,NA,Adult,1,Vertical,father-son,Kin-based,"observation, helping, and advice",NA,NA,trap making,NA,NA,Boys only?,By 16 the boy become an independent trapper,"Lancy, 1984: 141"
Western Africa,Mende,FC07,Horticulturalist,"1987-1988, 1990-1991",initiation,outdoor field,NA,adolescence,NA,NA,Adult,NA,NA,NA,NA,NA,NA,NA,furniture and agriculture equipment making,wood,NA,Boys only,women are not allowed to get involved in the initation,"Leach, 1994: 134"
Western Africa,Tallensi,FE11,Intensive agriculturalist,1934-1937,NA,NA,16,adolescence,NA,NA,NA,NA,NA,NA,NA,individual learning,NA,NA,"bow and arrows, leatherwork, the forging of tools and implements",Leather,NA,NA,An adolescent youth is already applying the deftness and skill acquired in juvenile play or in the arts and crafts of his boyhood to practical ends,"Fortes, 1938: 61"
Western Africa,Yoruba,FF62,Horticulturalist,1952,workshop,indoor,before 16,NA,1,NA,Adult,1,Vertical/Oblique,"father-son, uncle-nephew, brothers",Kin-based,Apprenticeship,NA,NA,blacksmith,Metal,NA,NA,It is possible to do apprenticeship with a non-kin with a fee,"Lloyd, 1953: 33"
East Asia,Okayama,AB43,Intensive agriculturalist,1950-1951,workshop,indoor,NA,NA,7-Jan,NA,Adult,1,Oblique,Unrelated individuals,Success-based,Apprenticeship,NA,Difficult,carpentry,Wood,NA,NA,Apprentice need to do chores for master as a fee.,"Cornell, 1956: 143-144"
North Asia,Yukaghir,RV03,Primarily hunter-gatherers,"1895-1896, 1901-1902",NA,NA,NA,NA,NA,NA,Adult,1,Vertical,father-son,Kin-based,NA,NA,NA,blacksmith,Metal,NA,restricted to sons,The blacksmith's status is as high as the shanman.,"Jochelson, 1975: 425"
South Asia,Bengali,AW69,Intensive agriculturalist,1970-1975,NA,NA,NA,NA,NA,NA,Adult,1,Vertical,father-son,Kin-based,NA,NA,NA,carpentry,wood,NA,NA,The boys prefered to working in factory compared with learning carpentery from their fathers,"Klass, 1978: 209-210"
Southeast Asia,Eastern Toraja,OG11,Horticulturalist,1892-1932,workshop,indoor,14-Dec,adolescence,1,NA,Adult,1,Vertical,father-son,Kin-based,help with preparation,NA,NA,blacksmith,metal,NA,NA,The son himself must present passion to be taught by the father,"Adriani and Kruijt, 1951: 624"
Southeast Asia,Ifugao,OA19,Intensive agriculturalist,NA,NA,NA,NA,NA,NA,"Adult and ""older sisters""",Adult,NA,Vertical/Oblique,"mother-daughter, sisters",Kin-based,helping and practice under supervision,a short period of time,NA,weaving,cotton,NA,restricted to women,The weaving tools are made by men.,"Lambrecht, 1958: 1"
Southeast Asia,Sama-Bajau,OA08,Primarily hunter-gatherers,"1963, 1965-1967, 1977, 1982, 1997",NA,NA,NA,NA,1,NA,Adult,1,Vertical,father-son,Kin-based,helping,NA,NA,boat making,wood,NA,restricted to men,It is usually an individual project but collaboration is allowed,"Nimmo, 2000: 53"
Southeast Asia,Semai,AN06,Horticulturalist,"1962-1963, 1975",NA,NA,NA,NA,NA,NA,Adult,NA,Vertical/Oblique,"parents-children, grandparents-children",Kin-based,"imitation, explicit instruction, play",NA,NA,a small version of the appropriate tool,NA,NA,NA,NA,"Dentan, 1978: 126"
Southeast Asia,Vietnamese,AM11,Intensive agriculturalist,"1958-1959, 1962-1964",NA,NA,NA,NA,NA,NA,Adult,1,Vertical/Oblique,"father-son, uncle-nephew",Kin-based,Apprenticeship,NA,NA,carpentry,wood,NA,restricted to kins,It is possible to do apprenticeship with a non-kin in another village,"Hickey, 1964: 165-166"
Southeast Asia,Vietnamese,AM11,Intensive agriculturalist,"1990-1992, 1993-1994",NA,NA,NA,NA,NA,NA,Adult,NA,Vertical/Oblique,"sons, sons-in-law, and patrilineal descendants",Kin-based,taught,NA,NA,"paper votive items for the dead, traditional ink-block prints",NA,NA,restricted to patralinial male kins,The most important knowledge was taught exclusively to senior men,"Malarney, 1998: 273-274"
Scandinavia,Saami,EP04,Pastoralist,1958-1959,NA,NA,boy,NA,NA,NA,Adult,1,Vertical,father-son,Kin-based,scaffolding and teaching,NA,NA,"construction of cabins, boats, sleds, reindeer collars, harness, and numerous other items",NA,NA,restricted to men,The training is highly permissive,"Pelto and Pertti, 1962: 112"
Central Mexico,Nahua,NU46,Other subsistence combinations,1943-1948,NA,NA,NA,NA,NA,NA,Adult,1,Vertical,father-son,Kin-based,NA,NA,NA,"carpentry, masonry, and shoemaking",NA,NA,restricted to sons,The sexual division of labor is relatively strict,"Lewis, 1951: 98"
Central Mexico,Zapotec,NU44,Horticulturalist,1965-1967,"residence lot, street corner, quarry",mixed,17.5,adult,6-May,NA,Adult,1 or more,Vertical/Oblique,"father-son, brothers, unrelated individuals",Kin-based,Apprenticeship,NA,NA,metate making,stone,NA,restricted to men?,The social status and hiearchy is clearly described.,"Cook, 1979: 189-191"
Maya Area,Tzeltal,NV09,Horticulturalist,"1957-1958, 1965-1967",NA,NA,11,middle childhood,NA,NA,Adult,1,Vertical/Oblique,"mother-daughter, mother-in-law",Kin-based,emulation+instruction,NA,NA,pottery making,clay,NA,restricted to women?,gendered skills. Men are mostly responsible for selling potteries,"Nash, 1970: 55-56; Hunt, 1962: 168"
Arctic and Subarctic,Aleut,NA06,Hunter-gatherers,1987-1990,NA,NA,Young women,NA,NA,NA,Adult,1,Vertical,mother-daughter,Kin-based,instructed,NA,NA,manufacturing,NA,NA,NA,The boys mostly learn from their maternal uncle,"Petrivelli et al., 1992: 440-441"
Arctic and Subarctic,Alutiq,NA10,Hunter-gatherers,1931-1936,NA,NA,from the earliest age/<5 or 6,infancy,NA,NA,Adult,1,Vertical,father-son,Kin-based,NA,NA,NA,"boat making, making bows and arrows",NA,NA,restrcited to men,gendered skills,"Hrdlicka, 1975: 79"
Arctic and Subarctic,Alutiq,NA10,Hunter-gatherers,1931-1936,NA,NA,NA,NA,NA,NA,Adult,NA,NA,NA,NA,taught,NA,NA,"sew, make designs, embroider bags, braid cords, weave hats, mats; make containers or buckets",NA,NA,restricted to women,gendered skills,"Hrdlicka, 1975: 79"
Arctic and Subarctic,Chipewyans,ND07,Hunter-gatherers,1975-1976,NA,NA,15,adolescence,1,71,Adult,2,Vertical,"Adopted-father, Adopted-mother",Kin-based,Observation and some advice,NA,NA,snowshoe making,NA,NA,NA,The learner's adopted mother is not the model but gave advice,"Irimoto, 1981: 143"
Arctic and Subarctic,Chipewyans,ND07,Hunter-gatherers,1971-1979,trapline,outdoor field,NA,NA,NA,NA,Adult,1 or more,Vertical/Oblique,"father-son, brothers",Kin-based,Apprenticeship,NA,NA,trap making,NA,NA,NA,Wife as assistant is allowed by rare,"Jarvenpa, 1980: 146-147"
Arctic and Subarctic,Kaska,ND12,Hunter-gatherers,1943-1945,NA,NA,8,middle childhood,NA,Adult and older brothers,Adult,1 or more,Vertical/Oblique,"father-son, brothers",Kin-based,Observation and assistance,NA,NA,"manufacture implements, vehicles, buildings, and tools",NA,NA,restricted to men?,girls learn things earlier than boys.,"Honigmann and Bennett, 1949: 185-186"
Arctic and Subarctic,Kaska,ND12,Hunter-gatherers,"1912, 1915",lodge,indoor,puberty/isolation,middle childhood,NA,NA,Adult,1 or more,Vertical/Oblique,"Mother-daughter, other female relatives and neighbors",Kin-based,instruction,NA,NA,"sewing and embroidery, to make moccasins, do netting, fill snowshoes",NA,NA,restricted to women,men are not allowed to approach to girls at this stage,"Teit and Helm, 1956: 115-119"
Arctic and Subarctic,Ojibwa,NG06,Hunter-gatherers,1938,NA,NA,after puberty rites,NA,NA,NA,Adult,1 or more,Vertical/Oblique,"father-son, other older men",Kin-based,helping,NA,NA,bow and arrows,NA,NA,restrcited to men,gendered skills,"Hilger, 1939: 101-102"
Arctic and Subarctic,Ojibwa,NG06,Hunter-gatherers,1938,NA,NA,after puberty rites,NA,NA,NA,Adult,1,Vertical,mother-daughter,Kin-based,"teaching, making minature",NA,NA,"making wigwams, mats, and birch-bark vessels and beadwork",NA,NA,restricted to women,gendered skills,"Hilger, 1939: 101-102; Densmore, 1929: 60-61"
Eastern Woodlands,Natchez,NO08,Other subsistence combinations,NA,NA,NA,12,middle childhood,NA,NA,NA,NA,NA,mother-daughter,Kin-based,NA,NA,NA,pottery making,clay,NA,restricted to women,NA,"Lorentz, 2020: 10"
Eastern Woodlands,Natchez,NO08,Other subsistence combinations,NA,NA,NA,12,middle childhood,NA,NA,NA,NA,NA,father-son,Kin-based,NA,NA,NA,tools and weapons,NA,NA,restricted to men,NA,"Lorentz, 2020: 10"
Northwest Coast and California,Nuu-Chah-Nulth,NE11,Hunter-gatherers,1972-1974,library,indoor,children,NA,NA,NA,NA,NA,Vertical/Oblique,"father-son, uncle-nephew",Kin-based,Observation,NA,NA,woodcarving,wood,NA,NA,they learned their techniques as children but went to libraries to improve their understanding of arts,"Kenyon, 1980: 82"
Northwest Coast and California,Quinault,NR17,Hunter-gatherers,NA,house,indoor,NA,NA,NA,Adults and older children,Adult,1 or more,Vertical/Oblique,many adults and older children,Kin-based,NA,NA,NA,"basket weaving, tool making, blanket weaving, carving",NA,NA,NA,The average house had from two to six or more related families and their slaves as permanent residents. ,"Storm and Capoeman, 1990: 54"
Northwest Coast and California,Tillamook,NR21,Hunter-gatherers,"1956-1958, 1970",NA,NA,second critical period/an early age,NA,NA,NA,NA,NA,NA,NA,NA,NA,NA,NA,"Model canoes, small bows and arrows, miniature war clubs of whale bone, and diminutive fish spears",NA,NA,restricted to men,boys' training emphasize courage,"Sauter and Johnson, 1974: 32-34"
Northwest Coast and California,Tillamook,NR21,Hunter-gatherers,"1956-1958, 1970",NA,NA,second critical period/an early age,NA,NA,NA,NA,NA,NA,NA,NA,NA,NA,NA,"mammal bone tools, basket weaving",NA,NA,restricted to women,girls' training emphasize perseverance,"Sauter and Johnson, 1974: 32-34; Skoggard, 2022: 4"
Plains and Plateau,Assiniboine,NF04,Hunter-gatherers,1850s,NA,NA,infancy,infancy,1,NA,Adult,1,Vertical,mother-daughter,Kin-based,demonstration,NA,NA,making small moccasins,NA,NA,restricted to women,NA,"Denig and Hewitt, 1930: 520"
Plains and Plateau,Blackfoot,NF06,Hunter-gatherers,1941-1944,NA,NA,Girls or young women,NA,NA,Older women,Adult,NA,Vertical/Oblique,Older women-young women/girls,NA,teaching,NA,NA,quillwork,NA,NA,restricted to women,Quillwork is perceived as a scacred craft by local people,"Ewers,1945: 29"
Plains and Plateau,Blackfoot,NF06,Hunter-gatherers,1941-1951,NA,NA,NA,NA,NA,NA,Adult,2,Vertical,"father-son, mother-daughter",Kin-based,NA,NA,NA,pipe making,stone,NA,NA,The learner absorbed different knowledge from different models and make her innovations,"Ewers, 1963: 49"
Southwest and Basin,Hopi,NT09,Intensive agriculturalist,1937-1938,NA,NA,Girls,NA,NA,NA,NA,NA,NA,NA,NA,play,NA,NA,pottery making,clay,NA,NA,NA,"Dennis, 1940: 50"
Southwest and Basin,Navajo,NT13,Agro-pastoralists,1938,workshop,indoor,NA,NA,NA,NA,Adult,1,Vertical/Oblique,relatives,Kin-based,Apprenticeship/observation,2 years or longer,NA,silversmith,silver,Difficult,no gender restriction,"In rare cases, it is possible to learn it from non-relative (2 out of 52)","Adair, 1944: 89-91"
Southwest and Basin,Navajo,NT13,Agro-pastoralists,1963-1998,NA,NA,Boys,NA,NA,NA,NA,NA,NA,NA,NA,teaching,NA,NA,moccasin makin,NA,NA,NA,NA,"Bailey, 1942: 232"
Southwest and Basin,Navajo,NT13,Agro-pastoralists,1963-1998,NA,NA,Girls,NA,NA,NA,Adult,NA,Vertical/Oblique,"mother-daughter, aunt-niece grandmother-granddaughter",Kin-based,teaching and imitation,NA,NA,weaving,NA,NA,NA,"Respecting loom is part of the skill; every women know how to weave, but only a few of them know how to make fine rugs","Mitchell, 2001: 204; Bailey, 1942: 232; Shepardson and Hammond, 1970: 105-106"
Southwest and Basin,Tewa Pueblos,NT18,Intensive agriculturalist,1970-1972,NA,NA,NA,NA,NA,grandmother,Adult,1,Vertical/Oblique,"mother-daughter, grandmother-granddaughter",Kin-based,teaching,NA,NA,pottery making,clay,NA,no gender restrictions,NA,"Jacobs, 1995: 73"
Australia,Aranda,OI08,Hunter-gatherers,NA,NA,NA,Boys early in life,NA,NA,NA,NA,NA,NA,NA,NA,schooled,NA,NA,carpentary (domestic utensils and weapons),wood,NA,restricted to men?,NA,"Basedow, 1925: 85-86"
Melanesia,Kapauku,OJ29,Intensive agriculturalist,1954-1955,NA,NA,7,early childhood,NA,NA,Adult,NA,Vertical,father-daughter,Kin-based,teaching,NA,NA,"Making bows and arrows, rolling string on the thigh, making nets, roasting gourds for penis sheaths, polishing stone axes and stone knives, and chipping flint by percussion",NA,NA,NA,"Before this age, they were raised in a mixed-gendered context","Pospisil, 1958: 40-41"
Melanesia,Kapauku,OJ29,Intensive agriculturalist,1954-1955,NA,NA,15,adolescence,NA,NA,Adult,NA,Vertical/horizontal,father-daughter,Kin-based,teaching,NA,NA,canoe making,NA,NA,NA,The hunting skill is learnt through a combination of teaching and group practice with adolescence ganster,"Pospisil, 1958: 40-41"
Melanesia,Kwoma,OJ13,Other subsistence combinations,1936-1937,NA,NA,children-boy,NA,NA,NA,Adult,NA,Vertical,Parents-children,Kin-based,imitation and help,NA,NA,various utensils,NA,NA,NA,Boys help by fetching raw materials,"Whiting, 1941: 47-48"
Melanesia,Kwoma,OJ13,Other subsistence combinations,1936-1937,NA,NA,Girl before adolescence,NA,NA,NA,Adult,NA,Vertical,Parents-children,Kin-based,imitation,NA,NA,bag netting,NA,NA,NA,NA,"Whiting, 1941: 47-48"
Melanesia,Trobriands,OL06,Other subsistence combinations,"1973-1974, 1976",The veranda of the carver's hut,indoor,child after initation,NA,>1,NA,Adult,1,Oblique,Unrelated individuals,Success-based,apprenticeship,15-20 years,NA,carving,wood,NA,NA,Master plays favorisim,"Scoditti, 1989: 46-48"
Micronesia,Kiribati,OR06,Primarily hunter-gatherers,1963-1964,NA,NA,NA,NA,NA,NA,NA,NA,Vertical/horizontal,parents or close friends,Kin-based/familiarity-based,NA,NA,NA,trap making,plant,NA,family secret,NA,"Koch, 1986: 25-26"
Micronesia,Marshallese,OR11,Other subsistence combinations,1976-1983,NA,NA,girl,NA,NA,NA,NA,NA,NA,NA,NA,NA,NA,NA,mat weaving and shaping other prized female goods,NA,NA,restricted to women?,NA,"Carucci, 1987: 2-3"
Micronesia,Marshallese,OR11,Other subsistence combinations,1976-1983,NA,NA,young boy,NA,>1,NA,Adult,1,Vertical/Oblique,NA,NA,apprenticeship,NA,NA,canoe making,NA,NA,restricted to men?,NA,"Carucci, 1987: 2-3"
Polynesia,Maori,OZ04,Primarily hunter-gatherers,Ca. 1920,NA,NA,girls after initiation,NA,NA,NA,NA,NA,Vertical/Oblique,Female relatives,NA,teaching,NA,NA,weaving and basket plaiting,NA,NA,restricted to women?,Many more traditional knowledge are taught in initation school for boys; Weaving has ritual importance,"Firth, 1959: 189-190; Buck, 1952: 361-362"
Polynesia,Maori,OZ04,Primarily hunter-gatherers,Ca. 1910-1945,NA,NA,boys after initation,NA,NA,NA,Adult,1,Oblique,Unrelated individuals,Success-based,apprenticeship,NA,NA,carving,wood,NA,restricted to men?,The arrangements were usually made by the elders but sometimes the keen desire of a boy was recognized by a craftsman,"Buck, 1952: 361-362"
Polynesia,Maori,OZ04,Primarily hunter-gatherers,Ca. 1920,NA,NA,youngster,NA,NA,NA,Adult,NA,Vertical/Oblique,NA,NA,helping,NA,NA,greenstone sawing,stone,NA,NA,"youngsters were often enlisted to feed sandgrit and water to the cut, while the men sawed with their flint blades","Firth, 1959: 212"
Amazon and Orinoco,Ndyuka,SR14,Horticulturalist,1948-1958,NA,NA,boys,NA,NA,NA,NA,NA,NA,NA,NA,apprenticeship,several years,NA,boat making,wood,NA,restricted to men?,gendered skills.,"Hurault and Winchell, 1961: 192"
Amazon and Orinoco,Pume,SS19,Other subsistence combinations,1933-1934,NA,NA,toddler,infancy,NA,NA,Adult,NA,Vertical,father-son,Kin-based,accompanying father,NA,NA,bow and arrows,NA,NA,restricted to men,hunting here mainly means crocodile hunting,"Petrullo, 1939: 202"
Amazon and Orinoco,Shipibo,SE26,Horticulturalist,Ca. 1930s-1974,boy,NA,NA,NA,NA,NA,Adult,1 or more,Vertical/Oblique,"father-son, grandfather-grandson",Kin-based,instruction and helping,NA,NA,"canoe making, bow and arrows, house making",NA,NA,restricted to men?,gendered skills,"Eakin, Lauriault, and Boonstra, 1986: 51"
Amazon and Orinoco,Shipibo,SE26,Horticulturalist,Ca. 1930s-1974,girl,NA,NA,NA,NA,NA,Adult,1,Vertical,mother-daughter,Kin-based,"informal observation and imitation, working alongside",NA,NA,string beads and make pottery,NA,NA,restricted to women?,gendered skills,"Eakin, Lauriault, and Boonstra, 1986: 51"
Amazon and Orinoco,Warao,SS18,Hunter-gatherers,1954-1969,within the confines of the village,outdoor settlement,3/pre-puberty boys,infancy,>1,NA,Adult,1,Vertical/Oblique,father-son,Success-based/Kin-based,observation only,several weeks,NA,canoe making,wood,NA,restricted to men,two stages,"Wilbert, 1976: 323, 350"
Amazon and Orinoco,Warao,SS18,Hunter-gatherers,1954-1969,within the confines of the village,outdoor settlement,adolescence/13,adolescence,1,NA,Adult,1,Vertical,father-son,Kin-based,correction and instruction,5 years + 6/7 years,NA,canoe making,wood,NA,restricted to men,correction is much more frequent than teaching; 5 years for create one's own canoe and 6 and 7 years more marks the end of training.,"Wilbert, 1976: 323, 350"
Eastern South America,Tapirapé,SP22,Other subsistence combinations,"1939-1940, 1953, 1957, 1965",NA,NA,boy,NA,NA,NA,Adult,NA,Vertical/Oblique,NA,NA,observation only,NA,NA,"basket weaving, making bow and straight arrows, spirit mask making",NA,NA,NA,NA,"Wagley, 1977: 150"
Northwestern South America,Goajiro,SC13,Pastoralist,NA,NA,NA,girl during seclusion,NA,1,NA,Adult,NA,Vertical/Oblique,mother or female caretaker (e.g. aunt),Kin-based,instruction,1-5 years,NA,weaving,NA,NA,restricted to women,The time of seclusion is not explicitly described in the paper; boys receive instruction on economic skill from uncles,"Watson-Franke and Watson, 1986: 146-147; Watson, 1967: 8"
Southern South America,Tehuelche,SH05,Hunter-gatherers,NA,NA,NA,children,NA,NA,NA,NA,NA,Vertical/Oblique,parents and other band members,Kin-based,NA,NA,NA,weaving and toolmaking,NA,NA,NA,children are seldom corrected by parents,"Adem, 2009: 3"
Southern South America,Yahgan,SH06,Hunter-gatherers,1918-1924,NA,NA,children,NA,NA,NA,Adult,1,Vertical,mother-daughter,Kin-based,little instruction,NA,NA,basket-making,NA,NA,restricted to women?,Other adults may also contribute?,"Gusinde and Schütze, 1937: 563"
