sccsn,Socialization,Marriage,Sexuality,FuneralsMourning,Gender,LawEthics,threat_fam,threat_path,complexity,Res_Hetero,pastoralism,huntergatherer,horticulture,agriculture,polygamy,latitude,longitude,Authoritarianism,MoralGod
96,2.75,3.5,3.875,4,3.75,3.875,-0.757448217,0.069630253,-0.094735809,0,0,1,0,0,0,-2,147,1,0
150,2,2,2.75,2.125,3.125,1.625,-0.37187676,-0.754624796,-0.460986575,0,0,0,0,0,1,35.83,-112.17,1,0
36,,3,,3.25,4,3.25,0.445749388,0.903568001,-0.069714797,0,1,0,0,0,1,8,48,1,1
13,1.75,2,1.25,1.75,1,1.25,-1.127475079,-0.675775074,-1.259624192,1,0,1,0,0,1,1.5,28.33,1,0
92,1.75,1.25,2.25,3,4,2.25,-0.294771891,0.749822973,-0.493135037,0,0,0,0,0,1,-9,-148,1,0
119,3,3.125,2.25,3.5,2.25,3.875,0.669385596,-0.773990194,-0.686541293,0,0,1,0,0,1,51.54,140,1,0
2,1.75,2.25,3,,3,2.25,0.19791178,-0.878627662,-1.107613677,1,0,1,0,0,1,-20,21,1,0
112,,1.125,2.5,3.5,1.5,2.25,-0.135728075,-0.054372614,0.144778816,1,0,0,0,1,0,16.83,121.17,1,0
124,1.125,1.25,,2,1,1.25,1.070519388,-1.444500215,-0.865637755,0,0,1,0,0,0,68.58,-106.61,1,0
186,3.5,2.875,3.5,,3,3,-0.111679995,-1.186117719,-1.175390312,0,0,1,0,0,0,-55.5,-69.5,1,1
130,,3.25,3.25,4,2.75,2.75,-0.650809004,-0.908369824,-0.733420917,0,0,1,0,0,1,60.5,-145,2,0
132,3.875,2.25,3,4,2.75,3.75,-0.774704613,-0.649987328,-0.485717501,0,0,1,0,0,,52.33,-126.5,2,0
142,2.25,2.25,3,,2.25,2.75,1.169201408,-0.640304628,-0.086675969,1,0,0,0,0,1,42,-100,2,0
144,1.25,2.25,1,3.75,2,2.25,0.578868529,-0.640304628,0.097186718,1,0,0,0,0,0,44,-78,2,0
40,3,3.125,3.5,3.375,2.5,3,1.247970523,0.442332917,-0.564283188,0,1,0,0,0,1,21,17,2,1
42,,3.75,3.5,4,3.75,3.25,0.655049333,0.596077945,1.019141252,0,1,0,0,0,1,34.92,-3.25,2,1
52,,2,2.25,,1.75,2.25,-0.650809004,-1.444500215,-0.662636331,0,1,0,0,0,0,68.7,21.5,2,1
58,,3.75,3.875,3,2.375,2.75,-0.758441073,-0.445048738,-0.220993214,0,1,0,0,0,,29,53,2,1
30,3.75,3.75,2.25,,2.75,3,1.253411888,1.211058057,-0.096478302,0,0,0,0,1,1,11.33,30.67,2,
34,2.5,3.125,2.875,2.625,3.875,3.25,0.982922018,0.903568001,-0.628121421,0,1,0,0,0,1,-3.5,36.75,2,
8,,2.5,3.25,3.875,3.375,3.125,-0.567464566,1.057313029,-0.026727798,0,0,0,0,1,1,-9.5,34,2,0
60,2.875,1.5,3.75,3.75,3.5,2.875,-1.407775768,-0.675775074,-0.150230623,0,1,0,0,0,1,19.63,80.92,2,0
68,3.25,3.25,3,4,1.25,3,-0.87862007,-0.983265131,0.224999265,0,0,0,0,1,0,27.5,89,2,0
85,,3.75,3.75,3.75,2.25,3.25,-0.471227185,0.288587889,-0.424189666,1,0,0,1,0,0,2,113,2,0
184,3,3.75,2.75,4,2.75,3.75,0.084828757,0.288587889,0.271633367,0,0,0,0,1,1,-38.5,-72.58,2,0
51,4,3.25,3.75,4,3.75,3.75,1.191820851,-1.063816404,1.412666068,0,1,0,0,0,0,53.5,-10,2,1
151,2,2.5,2.125,2.875,2,3.5,0.822734317,-0.179069544,-0.036117755,0,0,0,0,0,1,31,-112,2,1
110,,1.75,2.75,2.75,3,3.75,0.872869675,0.059947554,0.254533372,0,0,0,0,0,,9.55,138.13,2,
90,2.25,3.375,2.875,3.875,3.875,2.625,-1.046462356,-0.208117642,-1.120711987,0,0,1,0,0,1,-11.38,131,2,0
100,2.75,2.25,2.75,2.25,3,3,1.216034785,-1.290755187,-0.025016943,0,0,0,0,0,1,-12.29,168.83,2,0
164,2.125,2.875,2.5,3,2.625,2.5,0.233228851,1.703594101,-0.620985399,1,0,1,0,0,0,7.42,-60.17,2,0
22,4,3.25,2.25,4,3.75,3,0.104933934,0.856761221,0.701051042,0,1,0,0,0,1,12.5,-7,3,0
73,,,,3.75,3,2.75,0.483724298,0.319888849,1.37203988,0,0,0,0,1,1,20.5,106.25,3,0
102,3.25,4,3.75,3.75,3.75,4,-1.473390979,0.596077945,0.346064588,0,0,1,0,0,1,-17.81,178.32,3,0
116,3.5,3.75,3,3.875,4,3.875,0.105261279,-0.025324516,1.477324063,0,0,0,0,1,0,37.6,126.42,3,0
118,,1.25,,2.75,2.75,2.75,-0.508159781,0.442332917,-0.7517473,0,0,1,0,0,0,42.83,143,3,0
26,,3.375,3.625,,3.875,3.875,0.443940457,0.952675561,0.964158318,0,0,0,0,1,1,10.5,7.5,3,1
37,3.875,2.625,3.125,3.75,3.5,3.125,-0.609514566,0.491440476,0.982716274,0,0,0,0,1,0,12.5,37.75,3,1
46,,2,4,1.75,,3,0.358615132,0.749822973,-0.41156158,0,1,0,0,0,1,33.25,38.5,3,1
65,,3.25,3.25,3.25,3.75,3.75,0.435858157,0.18395042,0.084154164,0,1,0,0,0,1,48,70,3,1
172,3.75,1.75,2.25,3.25,3,3.75,1.452055273,0.903568001,0.353937263,0,0,0,1,0,0,-16,-65.75,3,1
23,3,3.25,3.25,3.75,2.75,3.25,0.355904068,0.952675561,0.144571715,0,0,0,0,1,1,10.66,-0.57,3,0
72,,2.25,2,3.75,3.75,2.75,-0.398211194,-1.137010159,-0.613026183,0,0,0,0,0,,20,100.67,3,0
98,2.125,2.875,2,4,2.75,2.25,0.524721692,-0.620245166,-0.071324083,0,0,0,0,0,1,-8.43,151.09,3,0
70,1.75,3.75,1.25,,2.75,2.75,0.954024068,0.903568001,0.165941264,0,0,0,1,0,0,22.33,93,3,1
94,2.625,3.25,3,3,3.75,3.75,-0.472024693,-0.36186267,0.02185806,0,0,0,1,0,1,-4,136,3,0
168,,3.375,3.125,3,2.625,3.375,-1.407775768,-0.829520103,-0.279728329,0,0,0,0,0,0,1,-79,3,0
106,,3.875,3.375,3.5,,4,0.665260775,0.487054953,-0.011918633,0,0,0,1,0,1,-13.94,-171.77,3,0
43,3.875,3.875,4,,4,4,1.153340105,0.948290038,1.379577672,0,0,0,0,1,0,24.75,33,3,1
12,3.5,3.125,3.125,4,3.875,4,-0.161154893,0.540548036,0.554352746,0,0,0,0,1,1,0.33,32.5,4,0
57,2.25,3.25,3.75,3.25,3.75,3.25,-0.733676644,0.749822973,1.090855843,0,1,0,0,0,1,32,44,4,1
64,2,2.125,3,,1.5,2,-1.019855606,-0.179069544,0.289914443,0,0,0,0,1,,36.43,74.58,4,1
108,2.75,1.75,2.75,2.75,3.25,3.75,0.511874246,-0.466500138,-0.003358749,1,0,1,0,0,,6.28,169.49,4,0
138,2.75,2,3,3.625,1.5,2.125,-0.167942751,0.288587889,-0.974982638,0,0,1,0,0,1,42.63,-121.67,,0
156,1.25,3,,3.25,3,3.25,-0.700857933,0.79762393,-0.106902341,1,0,1,0,0,1,15,-83,,1
162,1,2.875,2,2.5,2,2.125,-0.375307768,-0.253964851,-0.816022682,1,0,1,0,0,1,9,-62,,1
1,,2.625,3,3.125,2.875,3.125,0.061283485,-1.063816404,-0.706395131,0,0,0,0,0,1,-27.5,17,,0
32,3,3,3,4,2,2.75,-0.64533393,1.242359017,-0.33340736,0,0,0,1,0,,9.27,34.67,,0
35,,,,,,3.25,0.168835709,-0.141346235,0.450348657,0,0,0,0,1,1,5.25,37.5,,0
53,,3.25,,3,3.25,2,0.550183907,-1.525051488,-0.709026959,0,0,1,0,0,0,41.4,-123.89,,0
71,2,1.75,3,3.25,1.75,2,-1.041574977,0.781123933,1.477324063,1,0,0,0,1,0,22,95.67,,0
76,2,1.125,2.5,3,1.375,2.125,-0.543711919,0.319888849,1.632900612,1,0,0,0,1,1,15,100,,0
83,2.25,1.75,1.25,3,2,2,-0.346866285,0.319888849,1.561765043,1,0,0,0,1,1,-7.7,112.22,,0
91,3.75,3.875,3.5,4,3.5,4,-0.049959455,-1.063816404,-1.039837042,0,0,1,0,0,1,-24.25,133.5,,0
99,1.25,3,2.75,3.75,3.25,3.25,0.179718439,0.319888849,-0.03754739,0,0,0,0,0,1,-6,155,,0
109,3,3.125,2.5,3,4,3.125,-0.148102243,0.319888849,-0.06140603,1,0,0,0,0,0,7.34,151.6,,0
117,3.75,3.75,3.25,4,3.75,3.75,0.330066544,0.781123933,1.632900612,0,0,0,0,1,0,35,136,,0
121,1.25,1,1,2.75,2.25,1,-0.033472,-1.063816404,-0.713048218,0,0,0,0,0,1,66,177,,0
141,,1.25,,,1.75,2,-0.167942751,-1.525051488,-0.169999075,1,0,0,0,1,1,47,-101,,0
159,3.25,,,,3.75,3.75,0.355904068,0.099372414,-0.548404965,0,1,0,0,0,1,11.92,-71.75,,0
182,1,1.75,,3,1.75,2.25,0.872869675,0.319888849,-0.658234995,1,0,1,0,0,1,-23,-58.5,,0
185,1,1,1.25,2.75,1.875,1.375,-0.027824186,-1.525051488,-0.858984668,0,0,1,0,0,1,-40.5,-68,,0
21,,3.75,2.875,3,2.625,2.375,0.943070615,1.242359017,0.757948767,0,0,0,1,0,1,13.75,-15.33,,1
24,3.25,3.75,,,3.25,3.75,-0.566441856,1.242359017,0.497050678,0,1,0,0,0,1,16.58,-1.67,,1
25,3.25,3.75,2.75,,2.75,3,0.152291597,0.319888849,-0.804228268,0,1,0,0,0,1,15,7.5,,1
29,4,3.75,2,2.25,3.25,3.25,-0.402274518,0.319888849,0.710004295,0,0,0,0,1,1,13.5,25.5,,1
47,2,3,3.875,,3.75,3,1.317389569,-0.141346235,1.496899947,0,0,0,0,1,0,39.33,34.25,,1
54,4,4,,4,4,3.75,1.046636135,-0.141346235,1.503170421,0,0,0,0,1,0,52.67,41.33,,1
55,,3.375,,3.875,1.875,3.125,0.113767872,-0.60258132,0.526689126,0,1,0,0,0,1,43,41,,1
59,3.25,4,,4,3.75,4,0.920475986,0.319888849,1.237306533,0,0,0,0,1,0,32.5,74,,1
154,,3,3.75,4,3,3.25,-1.385045831,0.781123933,0.029098324,0,0,0,1,0,1,18.25,-94.83,,1
160,3.875,3,2.25,4,3,3.875,1.366231611,1.242359017,1.152262058,0,0,0,0,1,1,18.83,-72.17,,1
66,3.625,2.25,,,1.5,3.125,0.29920483,-1.525051488,0.25812645,0,1,0,0,0,0,46,97,,
86,1.25,2,1.25,,1.25,2,-1.323919959,-0.60258132,-0.898276997,1,0,1,0,0,0,5,120,,
93,2,2.25,3,4,3,3.25,0.821359547,-0.60258132,-0.438936,0,0,0,0,1,1,-7.5,138.5,,
165,2.75,3,3,4,3,4,-0.211521926,0.319888849,-0.053113343,0,0,0,0,0,1,3.5,-55.75,,